{
  "project_info": {
    "project_number": "389802355839",
    "firebase_url": "https://veteritec.firebaseio.com",
    "project_id": "veteritec",
    "storage_bucket": "veteritec.appspot.com"
  },
  "client": [
    {
      "client_info": {
        "mobilesdk_app_id": "1:389802355839:android:b24604131b45472264234a",
        "android_client_info": {
          "package_name": "br.com.veteritec"
        }
      },
      "oauth_client": [
        {
          "client_id": "389802355839-0p5rvp6kkji9lu3d1bn7ag0r2jgcd2nq.apps.googleusercontent.com",
          "client_type": 3
        }
      ],
      "api_key": [
        {
          "current_key": "AIzaSyAOOFs_eAay62BPE4oYSPgiAE_tZYsPcaA"
        }
      ],
      "services": {
        "appinvite_service": {
          "other_platform_oauth_client": [
            {
              "client_id": "389802355839-0p5rvp6kkji9lu3d1bn7ag0r2jgcd2nq.apps.googleusercontent.com",
              "client_type": 3
            }
          ]
        }
      }
    }
  ],
  "configuration_version": "1"
}